{
  "total_reward": -733.499999999996,
  "total_cost": 319.4999999999992,
  "sla_violations": 207,
  "steps": 300
}